<!DOCTYPE mapper
  PUBLIC "-//mybatis.org//DTD Mapper 3.0//EN"
  "https://mybatis.org/dtd/mybatis-3-mapper.dtd">
<mapper namespace="com.example.demo.mapper.ReplyMapper">
	<insert id="insertReply">
		insert into t_reply (replycontents,boardnum,userid)
		values(#{replycontents},#{boardnum},#{userid})
	</insert>
	<select id="getLastReply">
		select * from t_reply where userid=#{userid}
		order by replynum desc limit 1
	</select>
	<select id="getTotal">
		select count(*) from t_reply where boardnum=#{boardnum}
	</select>
	<select id="getList">
		select * from t_reply where boardnum=#{boardnum} limit #{cri.startrow},#{cri.amount}
	</select>
	<select id="getDetail">
		select * from t_reply where replynum = #{replynum}
	</select>
	<select id="getRecentReplyCnt">
		<![CDATA[ 
			select count(*) from t_reply where boardnum=#{boardnum} and timestampdiff(HOUR,regdate,now()) < 1
		]]>
	</select>
	<update id="updateReply">
		update t_reply
		set replycontents = #{replycontents}, updatedate = now()
		where replynum=#{replynum}
	</update>
	<delete id="deleteReply">
		delete from t_reply where replynum=#{replynum}
	</delete>
	<delete id="deleteRepliesByBoardnum">
		delete from t_reply where boardnum=#{boardnum}
	</delete>
</mapper>












