<!DOCTYPE mapper
  PUBLIC "-//mybatis.org//DTD Mapper 3.0//EN"
  "https://mybatis.org/dtd/mybatis-3-mapper.dtd">
<mapper namespace="com.example.demo.mapper.UserMapper">
	<insert id="insertUser">
		insert into t_user values(#{userid},#{userpw},#{username},
		#{usergender},#{zipcode},#{addr},#{addrdetail},#{addretc},#{userhobby})
	</insert>
	<update id="updateUser">
		update t_user
		set userpw=#{userpw}, zipcde=#{zipcode}, addr=#{addr},
		addrdetail=#{addrdetail}, addretc=#{addretc}, userhobby=#{userhobby}
		where userid=#{userid}
	</update>
	<delete id="deleteUser">
		delete from t_user where userid=#{userid}
	</delete>
	<select id="getUserByUserid">
		select * from t_user where userid=#{userid}
	</select>
</mapper>






